{
    "name": "sonarbit",
    "version": "1.0.8",
    "description": "ELECFREAKS sonarbit",
    "license": "MIT",
    "dependencies": {
        "core": "*"
    },
    "files": [
        "README.md",
        "sonarbit.ts",
        "_locales/zh/sonarbit-strings.json"
    ],
    "testFiles": [
        "tests.ts"
    ],
    "public": true,
    "targetVersions": {
        "target": "4.0.18",
        "targetId": "microbit"
    },
    "supportedTargets": [
        "microbit"
    ],
    "preferredEditor": "tsprj"
}
